{
  "Total" : {
    "transaction" : "Total",
    "sampleCount" : 300,
    "errorCount" : 0,
    "errorPct" : 0.0,
    "meanResTime" : 540.7866666666664,
    "medianResTime" : 440.0,
    "minResTime" : 264.0,
    "maxResTime" : 2323.0,
    "pct1ResTime" : 789.0,
    "pct2ResTime" : 1069.5999999999997,
    "pct3ResTime" : 2039.9800000000027,
    "throughput" : 9.873942665306256,
    "receivedKBytesPerSec" : 50.19286329937794,
    "sentKBytesPerSec" : 3.0920354309975973
  },
  "Login Request-1" : {
    "transaction" : "Login Request-1",
    "sampleCount" : 100,
    "errorCount" : 0,
    "errorPct" : 0.0,
    "meanResTime" : 279.56000000000006,
    "medianResTime" : 274.5,
    "minResTime" : 264.0,
    "maxResTime" : 499.0,
    "pct1ResTime" : 289.9,
    "pct2ResTime" : 295.9,
    "pct3ResTime" : 498.4099999999997,
    "throughput" : 3.524353281172905,
    "receivedKBytesPerSec" : 25.40717982351801,
    "sentKBytesPerSec" : 0.8260203002748996
  },
  "Login Request" : {
    "transaction" : "Login Request",
    "sampleCount" : 100,
    "errorCount" : 0,
    "errorPct" : 0.0,
    "meanResTime" : 811.3900000000001,
    "medianResTime" : 719.0,
    "minResTime" : 649.0,
    "maxResTime" : 2323.0,
    "pct1ResTime" : 1146.6000000000004,
    "pct2ResTime" : 1305.149999999999,
    "pct3ResTime" : 2322.1699999999996,
    "throughput" : 3.291314221768752,
    "receivedKBytesPerSec" : 25.09643164968897,
    "sentKBytesPerSec" : 1.5460177154987986
  },
  "Login Request-0" : {
    "transaction" : "Login Request-0",
    "sampleCount" : 100,
    "errorCount" : 0,
    "errorPct" : 0.0,
    "meanResTime" : 531.4100000000003,
    "medianResTime" : 438.5,
    "minResTime" : 375.0,
    "maxResTime" : 2043.0,
    "pct1ResTime" : 866.1000000000006,
    "pct2ResTime" : 1032.949999999999,
    "pct3ResTime" : 2039.9799999999984,
    "throughput" : 3.3221487658217335,
    "receivedKBytesPerSec" : 1.3820657951563071,
    "sentKBytesPerSec" : 0.7818729028935916
  }
}